year,employment
2019,2455062.288461538462
2020,2469527.019230769231
2021,2353758.019230769231
2022,16111126.200000000000
2023,11334525.800000000000
